H,B,PPS,Mbps,DropRate
3,2,8.0,0.065536,0.0
3,3,27.0,0.221184,0.0
4,2,16.0,0.131072,0.0
4,3,81.0,0.663552,0.0
5,2,32.0,0.262144,0.0
5,3,243.0,1.990656,0.0
4,4,256.0,2.097152,0.0
5,4,1024.0,8.388608,0.0
